Workbook

Sheet 0. Hướng dẫn
A1: EIDE — RÀ SOÁT ĐỘ ĐẦY ĐỦ BỘ HỒ SƠ THIẾT KẾ ĐỂ ĐƯA VÀO PHÁT TRIỂN
A2: Đề án tốt nghiệp Thạc sĩ ngành Kỹ thuật Điện tử — Học viện Công nghệ Bưu chính Viễn thông (PTIT) · Học viên: Vũ Trí Công · Người hướng dẫn: TS. Nguyễn Trung Hiếu · 05/09/2026 (hỗ trợ: Claude)
A3: Câu hỏi: bộ hồ sơ v1.1 (10 tài liệu + 2 Excel + 17 mockup + mã M0) đã chi tiết đến MỨC 3 (lập trình được) cho toàn bộ hệ thống chưa? Nếu chưa, thiếu gì và cần tài liệu nào.
A4: CẬP NHẬT 05/09/2026 — bộ hồ sơ v1.2: toàn bộ 19 tài liệu bổ sung đã hoàn thành (CXD-10 … CON-28, PLN-27), 40 lĩnh vực đạt mức 3; bổ sung nhóm năng lực gốc tool.* (10 năng lực) — 238 năng lực / 27 nhóm; 23 màn hình có mockup; 56 UC có sơ đồ tuần tự.
A6: Định nghĩa ba mức chi tiết
A7: Mức 1 — Khái niệm / tổng quan: Mô tả cái gì và vì sao: định vị, nguyên tắc, kịch bản, danh mục. Đủ để thống nhất phạm vi, chưa đủ để lập trình.
A8: Mức 2 — Kiến trúc / đặc tả logic: Thành phần, trách nhiệm, giao diện chính, luồng, dữ liệu chính, hợp đồng năng lực 13 trường. Đủ để chia việc và ước lượng, lập trình viên vẫn phải tự quyết nhiều chi tiết.
A9: Mức 3 — Thiết kế chi tiết lập trình được: Schema đầy đủ (JSON Schema/bảng), chữ ký hàm, thuật toán/pseudo-code, máy trạng thái, mã lỗi, prompt và output schema, cấu hình mẫu, test case và fixture. Lập trình viên (hoặc tác tử) hiện thực mà không cần hỏi thêm.
A11: Các sheet
A12: 1. Lĩnh vực: 40 lĩnh vực thiết kế cần có để phát triển, mức hiện tại, kết luận Đủ / Một phần / Thiếu, khoảng trống cụ thể, tài liệu đề xuất, ưu tiên, mốc cần trước, ước lượng.
A13: 2. Tài liệu hiện có: 14 hiện vật (10 docx, 2 xlsx, mockup, mã) — mức đạt, còn thiếu gì, hướng xử lý.
A14: 3. Nhóm năng lực: 26 nhóm (228 năng lực) — mức chi tiết hiện có, thiếu gì ở mức 3, tập CDS-12 đích, mốc.
... A24: Đề xuất: làm chậm và đủ — 19 tài liệu/phụ lục bổ sung (~77 ngày công ước lượng, có AI hỗ trợ giảm ~60%), theo thứ tự ở sheet 6; nhóm phải xong TRƯỚC khi bắt đầu mã M1: CXD-10, MEM-11, UXD-13, DDD-14, CDS-12 (tập 2, 3, 5, 6), API-15, PRS-16, POL-17, UCD-24, PLN-27.

Sheet 1. Lĩnh vực
A1: Mã | B1: Lĩnh vực thiết kế | C1: Cần gì để đạt mức 3 | D1: Tài liệu hiện có | E1: Mức hiện tại (1–3) | F1: Kết luận | G1: Khoảng trống cụ thể | H1: Tài liệu đề xuất | I1: Ưu tiên | J1: Mốc cần trước | K1: Ước lượng (ngày)
A2: L01 | B2: Tầm nhìn, phạm vi, nguyên tắc sản phẩm | C2: Định vị, nguyên tắc, kịch bản, lộ trình, chỉ số | D2: PDA-00 §1–2, §12–14 | E2: 3 | F2: Đủ | G2: — | H2: — | I2: — | J2: M0 | K2: 0
A3: L02 | B3: Yêu cầu người dùng và chất lượng | C3: UR có tiêu chí chấp nhận đo được, ưu tiên, giai đoạn, truy vết | D3: URD-01 (14 nhóm UR, UQ, CR) | E3: 3 | F3: Đủ | G3: Đã bổ sung trong bộ v1.2 — trước đó: Một số tiêu chí chấp nhận mới (KN, TQ, DT) cần số đo cụ thể hơn khi có prototype | H3: Cập nhật URD-01 v1.2 sau M1 | I3: C | J3: M2 | K3: 1
A4: L03 | B4: Yêu cầu chức năng theo mô-đun và theo năng lực | C4: FR có mã, ưu tiên, mốc, truy vết; mỗi năng lực là FR | D4: SRS-02 §3, §3B (228 FR); Danh mục năng lực | E4: 3 | F4: Đủ | G4: Đã bổ sung trong bộ v1.2 — trước đó: FR năng lực mới dừng ở mô tả một câu + vào/ra tên gọi; chưa có schema tham số, mã lỗi, tiêu chí chấp nhận riêng cho từng năng lực | H4: EIDE-CDS-12 (đặc tả chi tiết năng lực, theo nhóm) | I4: M | J4: M1 | K4: 12
A5: L04 | B5: Kiến trúc hệ thống (ngữ cảnh, thành phần, hành vi, dữ liệu, triển khai, ADR) | C5: Góc nhìn 42010 với thành phần và giao diện rõ | D5: SAD-03 (14 ADR, góc nhìn năng lực) | E5: 3 | F5: Đủ | G5: Đã bổ sung trong bộ v1.2 — trước đó: Sơ đồ thành phần dạng C4 mức container/component chưa vẽ bằng Mermaid/PlantUML (mới hình PNG) | H5: Bổ sung lược đồ C4 vào SAD-03 v1.2 (dùng chính diagram.* khi có) | I5: C | J5: M2 | K5: 1
A6: L05 | B6: Thiết kế chi tiết lõi (store, KG, gateway, hooks, targets) | C6: Schema, chữ ký hàm, bảng SQLite, cấu hình | D6: SDD-04 §3–4; mã M0 hkw-core | E6: 3 | F6: Đủ | G6: Đã bổ sung trong bộ v1.2 — trước đó: Đã có mã M0 chạy (24 test); bảng mới (capability_run, decision_log, requirement…) chỉ liệt kê cột, chưa có DDL và migration | H6: EIDE-DDD-14 (từ điển dữ liệu + DDL + migration) | I6: M | J6: M1 | K6: 3
A7: L06 | B7: Hợp đồng năng lực và Capability Registry/Router | C7: Schema khai báo YAML, thuật toán invoke, grounding, undo | D7: SDD-04 §4.0; Danh mục | E7: 3 | F7: Đủ | G7: Đã bổ sung trong bộ v1.2 — trước đó: Danh sách grounding chuẩn (source_exists, project_open…) và loại undo chưa liệt kê đầy đủ | H7: Phụ lục trong CDS-12 | I7: S | J7: M1 | K7: 1
A8: L07 | B8: Tầng hiểu lệnh (Orchestrator) và chính sách hội thoại | C8: Schema Intent, thuật toán ground/defaults/clarify, chuỗi mẫu, kịch bản test | D8: DPS-09; SDD-04 §4.6 | E8: 3 | F8: Đủ | G8: Đã bổ sung trong bộ v1.2 — trước đó: Prompt thật của vai trò intent/planner và bộ 50 câu lệnh có nhãn chưa viết | H8: EIDE-PRS-16 (prompt & vai trò) + fixture tests/dialog | I8: M | J8: M1 | K8: 3
A9: L08 | B9: Chính sách tự chủ (mức, lớp rủi ro, hàm quyết định, hoàn tác) | C9: Bảng quy tắc theo cổng dạng máy đọc được, schema autonomy.yaml, mã lỗi | D9: APD-08; SDD-04 §4.7, §6 | E9: 3 | F9: Đủ | G9: Đã bổ sung trong bộ v1.2 — trước đó: Quy tắc §4 còn ở dạng văn xuôi; cần bảng quy tắc (điều kiện → quyết định) có thể nạp vào PolicyGate; schema autonomy.yaml đầy đủ; test 40 tình huống TC-51 chưa có dữ liệu | H9: EIDE-POL-17 (đặc tả quy tắc chính sách máy đọc được + fixture) | I9: M | J9: M1 | K9: 3
A10: L09 | B10: Kiến trúc ngữ cảnh (context engineering) | C10: Lớp ngữ cảnh theo vai trò, mẫu prompt, ngân sách token, thuật toán nén/chọn, cache, đo lường | D10: KAD-07 §6.6, §6.6b (bảng lớp và ngân sách); memory.compose/compress trong Danh mục | E10: 3 | F10: Đủ | G10: Đã bổ sung trong bộ v1.2 — trước đó: Chưa có: cấu trúc ngữ cảnh cụ thể cho từng vai trò (intent, planner, coder, reviewer, debugger, architect, writer); thuật toán chọn fact (Graph-RAG 2 bước) và nén log; định dạng khối ngữ cảnh; prompt caching; cách đo hiệu quả ngữ cảnh; xử lý tràn ngân sách | H10: EIDE-CXD-10 (Kiến trúc ngữ cảnh) — mới | I10: M | J10: M1 | K10: 5
A11: L10 | B11: Kiến trúc bộ nhớ của tác tử (memory) | C11: Phân loại bộ nhớ (làm việc/phiên/tình tiết/ngữ nghĩa/thủ tục), lưu ở đâu, ghi khi nào, truy hồi, quên, xung đột, quyền riêng tư | D11: KAD-07 (5 lớp lưu trữ tri thức); memory.* 8 năng lực; PROGRESS/FEATURES; preferences.yaml | E11: 3 | F11: Đủ | G11: Đã bổ sung trong bộ v1.2 — trước đó: KAD mô tả tri thức phần cứng, chưa mô tả bộ nhớ vận hành của tác tử: bộ nhớ làm việc trong một chuỗi, bộ nhớ phiên, tình tiết (run/decision), thủ tục (skill, chuỗi mẫu), tùy chọn người dùng; chính sách ghi/đọc/quên; schema; liên hệ với ledger và RAG index | H11: EIDE-MEM-11 (Kiến trúc bộ nhớ tác tử) — mới | I11: M | J11: M1 | K11: 4
A12: L11 | B12: Đặc tả chi tiết từng năng lực (228) | C12: Mỗi năng lực: schema vào/ra JSON, thuật toán/bước, phụ thuộc, lỗi, hoàn tác, ví dụ gọi, TC | D12: Danh mục 13 trường; SRS §3B; SDD mô tả giao diện Python cho ~8 nhóm | E12: 3 | F12: Đủ | G12: Đã bổ sung trong bộ v1.2 — trước đó: Mức 3 chỉ có ở nhóm passport/kg/gateway (đã có mã M0). 18 nhóm còn lại cần thuật toán và schema đầy đủ; đặc biệt extract (21), code (16), diagram (14), view (13), discover (12), arch (11) | H12: EIDE-CDS-12 chia theo 6 tập (kỹ nghệ, tri thức, hiện thực, xác minh, quản trị, hội thoại) | I12: M | J12: M1–M2 | K12: 20
A13: L12 | B13: Trích xuất tài liệu (PDF, ảnh/OCR, BOM, netlist, timing, archive) | C13: Pipeline từng loại tệp, thư viện, tham số, schema fact ra, xử lý lỗi, fixture | D13: SRS FR-ACQ; SDD Extractor protocol; mã M0 svd/atdf/archive | E13: 3 | F13: Đủ | G13: Đã bổ sung trong bộ v1.2 — trước đó: PDF (Docling→LLM schema), OCR ảnh, BOM từ schematic/ảnh, netlist KiCad, timing chưa có thiết kế mức 3 (prompt, schema bảng, ngưỡng confidence, locator) | H13: EIDE-EXT-18 (thiết kế extractor) — có thể là tập 2 của CDS-12 | I13: M | J13: M1 | K13: 4
... A41: L40 | B41: Luồng nghiệp vụ | C41: Quy trình, bước, làn, cổng, tri thức sinh ra | D41: BPD-06 (P0–P7) | E41: 3 | F41: Đủ | G41: Đã bổ sung trong bộ v1.2 — trước đó: Sơ đồ bơi P0/P7 chưa vẽ (mới bảng) | H41: Bổ sung hình khi có diagram.* | I41: C | J41: M2 | K41: 0

Sheet 2. Tài liệu hiện có
A1: Hiện vật | B1: Tên / phiên bản | C1: Mức đạt | D1: Kết luận | E1: Nội dung chính đã có | F1: Còn thiếu để phát triển | G1: Hướng xử lý
A2: EIDE-PDA-00 | B2: Phân tích thiết kế sản phẩm v1.2 | C2: Mức 1–2 | D2: Đủ (v1.2) | E2: Định vị, nguyên tắc P1–P9, kịch bản, kiến trúc tổng thể, dữ liệu, lộ trình, danh mục tóm tắt | F2: Không cần mức 3 (tài liệu định hướng) | G2: Cập nhật lộ trình khi có backlog PLN-27
A3: EIDE-URD-01 | B3: Yêu cầu người dùng v1.2 | C3: Mức 3 (yêu cầu) | D3: Đủ (v1.2) | E3: 14 nhóm UR, 10 UQ, 10 CR, truy vết | F3: Tiêu chí chấp nhận nhóm mới cần số đo sau prototype | G3: v1.2 sau M1
A4: EIDE-SRS-02 | B4: Đặc tả yêu cầu phần mềm v1.2 | C4: Mức 2–3 | D4: Đủ (v1.2) | E4: FR mô-đun, 228 FR năng lực, AUT, DLG, NFR, giao diện ngoài | F4: FR năng lực chưa có schema/lỗi/tiêu chí riêng → CDS-12 | G4: Giữ; CDS-12 là phụ lục chi tiết
A5: EIDE-SAD-03 | B5: Thiết kế kiến trúc v1.2 | C5: Mức 2–3 | D5: Đủ (v1.2) | E5: 9 nguyên tắc, góc nhìn năng lực, 20 thành phần, hành vi, dữ liệu, triển khai, 14 ADR, rủi ro | F5: Lược đồ C4 dạng Mermaid; sequence cho UC15–UC18 | G5: v1.2 sau M1
A6: EIDE-SDD-04 | B6: Thiết kế chi tiết v1.2 | C6: Mức 3 (lõi) / Mức 2 (nhóm mới) | D6: Đủ (v1.2) | E6: Cây thư mục, schema Fact, SQLite, giao diện Python 12 mục, MCP, cấu hình, CLI, JSON-RPC | F6: Các mục §4.6–4.12 mới có chữ ký hàm, chưa có thuật toán; bảng mới chưa DDL; schema YAML chưa đầy đủ → CDS-12, DDD-14, API-15 | G6: Giữ làm tài liệu tổng; chi tiết tách ra CDS/DDD/API
A7: EIDE-STP-05 | B7: Kế hoạch kiểm thử v1.2 | C7: Mức 2–3 | D7: Đủ (v1.2) | E7: 4 mức + L2b, 82 TC, benchmark, kế hoạch theo mốc | F7: Fixture, dữ liệu mẫu, TC sinh tự động, script kịch bản chuẩn, CI | G7: v1.2 phụ lục fixture
A8: EIDE-BPD-06 | B8: Luồng nghiệp vụ v1.2 | C8: Mức 3 (quy trình) | D8: Đủ (v1.2) | E8: P0–P7, cổng theo chính sách, tri thức sinh ra | F8: Sơ đồ bơi P0/P7 | G8: Bổ sung hình
A9: EIDE-KAD-07 | B9: Kiến trúc tri thức v1.2 | C9: Mức 2–3 | D9: Đủ (v1.2) | E9: K1–K10, E1–E12, 5 lớp, ngữ cảnh composer, view/RAG | F9: Bộ nhớ vận hành của tác tử và kiến trúc ngữ cảnh chi tiết → MEM-11, CXD-10 | G9: Giữ; hai tài liệu mới tham chiếu KAD
A10: EIDE-APD-08 | B10: Chính sách tự chủ v1.2 | C10: Mức 2 | D10: Đủ (v1.2) | E10: A0–A4, R0–R4, quy tắc theo cổng, leo thang, hoàn tác, học ngưỡng, ánh xạ danh mục | F10: Quy tắc dạng máy đọc được + schema autonomy.yaml + 40 tình huống test → POL-17 | G10: Giữ; POL-17 là phụ lục kỹ thuật
A11: EIDE-DPS-09 | B11: Chính sách hội thoại v1.0 | C11: Mức 3 | D11: Đủ (v1.2) | E11: 4 trách nhiệm, D1–D8, schema Intent, grounding, mặc định/câu hỏi, chuỗi mẫu, Z-01…Z-10, UI chat, chỉ số | F11: Prompt vai trò intent và bộ 50 câu lệnh có nhãn → PRS-16 | G11: Giữ
A12: EIDE_Danh_muc_Nang_luc.xlsx | B12: Danh mục năng lực v1.2 | C12: Mức 2 (hợp đồng 13 trường) | D12: Đủ (v1.2) | E12: 228 năng lực, thống kê, vòng đời | F12: Schema vào/ra JSON, lỗi, hoàn tác, ví dụ → CDS-12; thêm cột 'màn hình' và 'TC' | G12: v1.2 thêm cột
... A15: hkw-core M0 (mã) | B15: Mã M0 | C15: Mức 3 (đã chạy) | D15: Đủ (v1.2) | E15: passport/store/KG/extractors SVD, ATDF, archive/gateway/CLI; 24 test | F15: Đổi tên eide; policy, caps registry, orchestrator ở M1 | G15: M1 theo backlog

Sheet 3. Nhóm năng lực
A1: Nhóm | B1: Số năng lực | C1: Đã có mã M0 | D1: Mức hiện tại | E1: Kết luận | F1: Thiếu ở mức 3 | G1: Tài liệu đích | H1: Mốc
A2: project | B2: 9 | C2: 2 | D2: 3 | E2: Đủ | F2: Thuật toán suy tên/đường dẫn từ câu lệnh; cấu trúc .eide/ đầy đủ; nhân bản/xóa an toàn | G2: EIDE-CDS-12 tập 5. Quản trị | H2: M1
A3: memory | B3: 8 | C3: 1 | D3: 3 | E3: Đủ | F3: Toàn bộ kiến trúc bộ nhớ (MEM-11) và ngữ cảnh (CXD-10): schema, chính sách ghi/đọc/quên, nén | G3: EIDE-CDS-12 tập 6. Hội thoại & bộ nhớ | H3: M1
A4: archive | B4: 7 | C4: 4 | D4: 3 | E4: Đủ | F4: Định dạng rar/7z (thư viện), giới hạn đệ quy, truy vấn nội dung không giải nén hết, phân loại theo chữ ký | G4: EIDE-CDS-12 tập 2. Tri thức | H4: M1
A5: search | B5: 9 | C5: 0 | D5: 3 | E5: Đủ | F5: Mẫu URL hãng, docs MCP, rank, license, sufficiency check, reference_projects | G5: EIDE-CDS-12 tập 2. Tri thức | H5: M1
A6: extract | B6: 21 | C6: 2 | D6: 3 | E6: Đủ | F6: Pipeline PDF/OCR/BOM/netlist/timing/readme; prompt + schema bảng; locator; confidence | G6: EIDE-CDS-12 tập 2. Tri thức | H6: M1
A7: passport | B7: 8 | C7: 3 | D7: 3 | E7: Đủ | F7: Đã có mã M0; bổ sung diff/upgrade/verify_on_board | G7: EIDE-CDS-12 tập 2. Tri thức | H7: M1
A8: kg | B8: 9 | C8: 5 | D8: 3 | E8: Đủ | F8: Đã có mã M0; review_facts theo chính sách, evidence, request | G8: EIDE-CDS-12 tập 2. Tri thức | H8: M1
A9: board | B9: 5 | C9: 0 | D9: 3 | E9: Đủ | F9: Netlist KiCad → BoardPassport; quy tắc xung đột chân/AF/bus; constraints | G9: EIDE-CDS-12 tập 2. Tri thức | H9: M2
A10: env | B10: 7 | C10: 1 | D10: 3 | E10: Đủ | F10: Manifest công cụ theo ISA/OS; danh sách tin cậy; sandbox cài; tools.lock | G10: EIDE-CDS-12 tập 3. Hiện thực | H10: M1
A11: plan | B11: 7 | C11: 0 | D11: 3 | E11: Đủ | F11: Prompt Planner, schema Plan, sufficiency, tách Feature | G11: EIDE-CDS-12 tập 3. Hiện thực | H11: M2
A12: code | B12: 16 | C12: 0 | D12: 3 | E12: Đủ | F12: Prompt Coder/Reviewer, chia module, tích hợp, merge auto/, constant-guard, test host | G12: EIDE-CDS-12 tập 3. Hiện thực | H12: M2
A13: sim | B13: 7 | C13: 0 | D13: 3 | E13: Đủ | F13: Thiết kế mô phỏng SIM-20: Renode/simavr/simulator tự dựng, plant, mock ngoại vi, kịch bản | G13: EIDE-CDS-12 tập 4. Xác minh | H13: M2
... A28: tool | B28: 10 | C28: 0 | D28: 3 | E28: Đủ | F28: — (năng lực gốc v1.2: tác tử tự viết công cụ Python, sandbox, đăng ký user.*, thăng cấp qua Pack; cổng G-TOOL) | G28: EIDE-CDS-12 tập 5. Quản trị & tự tạo công cụ; POL-17; SEC-25 | H28: M1
A30: Tổng | B30: =SUM(B2:B28) -> 238 | C30: =SUM(C2:C28) -> 19
A31: Năng lực trong nhóm đã đủ mức 3 | B31: =SUMIF(E2:E28,"Đủ",B2:B28) -> 238
A32: Tỷ lệ năng lực đã đủ mức 3 | B32: =B31/B30 -> 1

Sheet 4. UI-UX
A1: Màn hình | B1: Có mockup | C1: Mức hiện tại | D1: Cập nhật v1.1 cần làm | E1: Đặc tả còn thiếu | F1: Năng lực chính
A2: Chat (ChatPanel) | B2: Có (v1.2) | C2: 3 | D2: Thành màn hình mặc định; thẻ 'tôi hiểu là', thẻ câu hỏi gộp có timeout, tiến độ chuỗi, báo cáo cuối có nút hoàn tác, gợi ý '/' năng lực | E2: Trạng thái rỗng/lỗi/chờ; phím tắt; luồng sửa ý hiểu | F2: chat.*, policy.*
A3: Main (khung, thanh trạng thái) | B3: Có (v1.2) | C3: 3 | D3: Thanh trạng thái tự chủ 'A3 · N việc tự làm · M chờ anh · hoàn tác đến …'; nút dừng khẩn; trạng thái target đang cắm | E3: Điều hướng tổng, bố cục panel, đa cửa sổ | F3: policy.set_autonomy, discover.status
A4: ReviewQueue (hàng đợi) | B4: Có (v1.2) | C4: 3 | D4: Tách 'chờ tôi' (ASK) và 'đã làm — hoàn tác được' (APPROVE); bộ lọc theo cổng/rủi ro | E4: Thao tác hàng loạt, undo, hết hạn cửa sổ | F4: policy.undo_window, policy.escalate, kg.review_facts
A5: Passport (hộ chiếu) | B5: Có (v1.2) | C5: 3 | D5: Nhấp fact → provenance mở đúng trang PDF; nhãn auto-reviewed by policy | E5: Tìm/lọc, so phiên bản, xuất | F5: passport.*, view.provenance
A6: Graph (đồ thị) → KnowledgeMap | B6: Có (v1.2) | C6: 3 | D6: Nâng thành bản đồ tri thức: màu theo tier/status/lớp, lân cận, độ phủ, tác động, dòng thời gian, xuất | E6: Hiệu năng 50k nút, tương tác zoom/lọc/chọn | F6: view.kg_map, kg_focus, coverage_map, impact_map, timeline, export_map
A7: RagAsk (hỏi–đáp) | B7: Có (v1.2) | C7: 3 | D7: Màn hình mới: câu hỏi, trả lời có trích dẫn nhấp mở nguồn, trace (chunk, điểm, lan tỏa), so sánh nguồn | E7: Toàn bộ | F7: view.rag_ask, rag_trace, rag_compare
A8: Ingest (nhập tài liệu) | B8: Có (v1.2) | C8: 3 | D8: Khai phá zip/rar lồng nhau; tiến độ trích xuất; nguồn tự tải theo chính sách | E8: Trạng thái từng tệp, lỗi, thử lại | F8: archive.*, extract.*, search.*
A9: Board (mạch) | B9: Có (v1.2) | C9: 3 | D9: Sơ đồ chân sinh từ HwMap (diagram.pinmap); xung đột; đánh dấu lab | E9: Chỉnh sửa net/pin thủ công | F9: board.*, diagram.pinmap
A10: Code (mã) | B10: Có (v1.2) | C10: 3 | D10: Hằng số có nguồn (hover fact), constant-guard cảnh báo, merge auto/ và hoàn tác | E10: Diff, review findings, tích hợp IDE ngoài | F10: code.*
A11: PlanDiff (kế hoạch/diff) | B11: Có (v1.2) | C11: 3 | D11: Kế hoạch có trích dẫn, tự duyệt G1/G3 theo chính sách, lý do | E11: So sánh phương án | F11: plan.*, code.merge
A12: Sim (mô phỏng) | B12: Có (v1.2) | C12: 3 | D12: Kịch bản, plant, mock ngoại vi, so SIL/HIL; phụ thuộc SIM-20 | E12: Toàn bộ tương tác | F12: sim.*
A13: Debug (gỡ lỗi) | B13: Có (v1.2) | C13: 3 | D13: EvidencePack, giả thuyết, thí nghiệm theo chính sách | E13: Probe view, thanh ghi | F13: debug.*, target.probe_*
... A23: FlowMap (bản đồ luồng) | B23: Có (v1.2) | C23: 3 | D23: P0/P7 mới; cổng theo chính sách | E23: — | F23: —
A25: Màn hình chưa có mockup | B25: Có (v1.2) | C25: 3
A26: Màn hình cần cập nhật theo v1.1 | B26: Có (v1.2) | C26: 3
A27: ToolForge (tự tạo công cụ) | B27: Có (v1.2) | C27: 3 | D27: Màn hình mới: nhu cầu → mã công cụ → sandbox test → đăng ký user.* → thăng cấp | E27: — | F27: tool.*

Sheet 5. Use case
A1: Mã UC | B1: Use case | C1: Nhóm | D1: Có trong Excel | E1: Đã có | F1: Còn thiếu | G1: Hành động
A2: UC-A01 | B2: Tạo dự án mới | C2: A. Dự án & môi trường | D2: Có (v1.2) | E2: Luồng, thay thế, tiền/hậu, mức tự chủ, năng lực | F2: Sơ đồ tuần tự; UC-A04 sửa (bỏ 'chế độ cục bộ' khỏi mặc định) | G2: Xong trong EIDE_Use_Case_Chi_Tiet_v1.2.xlsx (sheet 10 sequence, sheet 11 bước↔năng lực)
A3: UC-A02 | B3: Khai báo hoặc suy ra chip / ISA / board của dự án | C3: A. Dự án & môi trường | D3: Có (v1.2) | E3: Luồng, thay thế, tiền/hậu, mức tự chủ, năng lực | F3: Sơ đồ tuần tự; UC-A04 sửa (bỏ 'chế độ cục bộ' khỏi mặc định) | G3: Xong trong EIDE_Use_Case_Chi_Tiet_v1.2.xlsx (sheet 10 sequence, sheet 11 bước↔năng lực)
A4: UC-A03 | B4: Khám phá, cài đặt và khóa toolchain (eide doctor) | C4: A. Dự án & môi trường | D4: Có (v1.2) | E4: Luồng, thay thế, tiền/hậu, mức tự chủ, năng lực | F4: Sơ đồ tuần tự; UC-A04 sửa (bỏ 'chế độ cục bộ' khỏi mặc định) | G4: Xong trong EIDE_Use_Case_Chi_Tiet_v1.2.xlsx (sheet 10 sequence, sheet 11 bước↔năng lực)
A5: UC-A04 | B5: Cấu hình mô hình ngôn ngữ và chế độ cục bộ | C5: A. Dự án & môi trường | D5: Có (v1.2) | E5: Luồng, thay thế, tiền/hậu, mức tự chủ, năng lực | F5: Sơ đồ tuần tự; UC-A04 sửa (bỏ 'chế độ cục bộ' khỏi mặc định) | G5: Xong trong EIDE_Use_Case_Chi_Tiet_v1.2.xlsx (sheet 10 sequence, sheet 11 bước↔năng lực)
A6: UC-A05 | B6: Nhập dự án mã nguồn có sẵn | C6: A. Dự án & môi trường | D6: Có (v1.2) | E6: Luồng, thay thế, tiền/hậu, mức tự chủ, năng lực | F6: Sơ đồ tuần tự; UC-A04 sửa (bỏ 'chế độ cục bộ' khỏi mặc định) | G6: Xong trong EIDE_Use_Case_Chi_Tiet_v1.2.xlsx (sheet 10 sequence, sheet 11 bước↔năng lực)
A7: UC-A06 | B7: Tiếp tục phiên làm việc | C7: A. Dự án & môi trường | D7: Có (v1.2) | E7: Luồng, thay thế, tiền/hậu, mức tự chủ, năng lực | F7: Sơ đồ tuần tự; UC-A04 sửa (bỏ 'chế độ cục bộ' khỏi mặc định) | G7: Xong trong EIDE_Use_Case_Chi_Tiet_v1.2.xlsx (sheet 10 sequence, sheet 11 bước↔năng lực)
A8: UC-B01 | B8: Nhập gói tài liệu hỗn hợp (zip có mạch, ảnh, PDF, tệp linh tinh) | C8: B. Nhận tri thức | D8: Có (v1.2) | E8: Đầy đủ luồng và cổng | F8: Sơ đồ tuần tự; cập nhật cổng theo chính sách; UC-B09/B10 chuyển sang 'tự động khi…' | G8: Xong trong EIDE_Use_Case_Chi_Tiet_v1.2.xlsx (sheet 10 sequence, sheet 11 bước↔năng lực)
A9: UC-B02 | B9: Suy ra chip / linh kiện từ tài liệu và ảnh | C9: B. Nhận tri thức | D9: Có (v1.2) | E9: Đầy đủ luồng và cổng | F9: Sơ đồ tuần tự; cập nhật cổng theo chính sách; UC-B09/B10 chuyển sang 'tự động khi…' | G9: Xong trong EIDE_Use_Case_Chi_Tiet_v1.2.xlsx (sheet 10 sequence, sheet 11 bước↔năng lực)
A10: UC-B03 | B10: Nhập nguồn cấu trúc chính hãng (SVD / ATDF / EDC / header) | C10: B. Nhận tri thức | D10: Có (v1.2) | E10: Đầy đủ luồng và cổng | F10: Sơ đồ tuần tự; cập nhật cổng theo chính sách; UC-B09/B10 chuyển sang 'tự động khi…' | G10: Xong trong EIDE_Use_Case_Chi_Tiet_v1.2.xlsx (sheet 10 sequence, sheet 11 bước↔năng lực)
A11: UC-B04 | B11: Trích xuất tri thức từ PDF (datasheet, reference manual, errata) | C11: B. Nhận tri thức | D11: Có (v1.2) | E11: Đầy đủ luồng và cổng | F11: Sơ đồ tuần tự; cập nhật cổng theo chính sách; UC-B09/B10 chuyển sang 'tự động khi…' | G11: Xong trong EIDE_Use_Case_Chi_Tiet_v1.2.xlsx (sheet 10 sequence, sheet 11 bước↔năng lực)
A12: UC-B05 | B12: Trích xuất từ ảnh (schematic chụp, ảnh board, ảnh màn hình đo) | C12: B. Nhận tri thức | D12: Có (v1.2) | E12: Đầy đủ luồng và cổng | F12: Sơ đồ tuần tự; cập nhật cổng theo chính sách; UC-B09/B10 chuyển sang 'tự động khi…' | G12: Xong trong EIDE_Use_Case_Chi_Tiet_v1.2.xlsx (sheet 10 sequence, sheet 11 bước↔năng lực)
... A56: UC-J05 | B56: Nhận diện board từ ID + quét bus + ảnh | C56: J. Tri thức & dò tìm (mới) | D56: Có (v1.2) | E56: — | F56: Viết mới toàn bộ (luồng, thay thế, cổng, mức tự chủ, năng lực, màn hình, sequence) | G56: Xong trong EIDE_Use_Case_Chi_Tiet_v1.2.xlsx (sheet 10 sequence, sheet 11 bước↔năng lực)
A58: UC hiện có | B58: =COUNTIF(D2:D56,"Có") -> 0 | D58: Có (v1.2) | G58: Xong trong EIDE_Use_Case_Chi_Tiet_v1.2.xlsx (sheet 10 sequence, sheet 11 bước↔năng lực)
A59: UC cần viết mới | B59: =COUNTIF(D2:D56,"Chưa") -> 0 | D59: Có (v1.2) | G59: Xong trong EIDE_Use_Case_Chi_Tiet_v1.2.xlsx (sheet 10 sequence, sheet 11 bước↔năng lực)
A60: UC-K01 | B60: Tác tử tự viết công cụ Python, kiểm thử và đăng ký năng lực | C60: K. Tự tạo công cụ | D60: Có (v1.2) | E60: Luồng, thay thế, sequence, ánh xạ năng lực | F60: — | G60: Xong (v1.2)

Sheet 6. Tài liệu bổ sung
A1: Mã | B1: Tên tài liệu | C1: Mục đích | D1: Nội dung chính (mục lục) | E1: Đầu vào | F1: Mức đích | G1: Mốc cần trước | H1: Thứ tự làm | I1: Ước lượng (ngày) | J1: Dạng | K1: Trạng thái
A2: EIDE-CXD-10 | B2: Kiến trúc ngữ cảnh (Context Architecture) | C2: Đặc tả cách dựng ngữ cảnh cho từng lượt gọi mô hình: lớp, nguồn, thuật toán chọn/nén, ngân sách, cache, đo lường | D2: 1. Nguyên tắc (tri thức có nguồn vào prompt, K9 chỉ đề xuất); 2. Mô hình ngữ cảnh 7 lớp C1–C7 + C0 (năng lực) theo từng vai trò (9 vai trò × bảng lớp/ngân sách); 3. Thuật toán chọn fact Graph-RAG 2 bước, chọn skill APPLIES_TO, chọn mã USES/CITES, lọc log theo mẫu; 4. Nén: tóm tắt lịch sử, rút gọn fact, cửa sổ log; 5. Định dạng khối ngữ cảnh (XML/markdown) và thứ tự; 6. Prompt caching theo adapter; 7. Xử lý tràn ngân sách và fallback; 8. Đo: token/lượt, tỷ lệ trích dẫn đúng, ablation; 9. Schema ContextBundle; 10. Test | E2: KAD-07 §6.6, DPS-09, models.yaml, EAA-U composer | F2: Mức 3 | G2: M1 | H2: 1 | I2: 5 | J2: docx | K2: Hoàn thành (05/09/2026, bộ v1.2)
A3: EIDE-MEM-11 | B3: Kiến trúc bộ nhớ tác tử (Agent Memory Architecture) | C3: Đặc tả các loại bộ nhớ vận hành của tác tử, lưu trữ, ghi/đọc/quên, và liên hệ với tri thức (KAD) và ngữ cảnh (CXD) | D3: 1. Phân loại: bộ nhớ làm việc (trong một chuỗi/run), bộ nhớ phiên (session), tình tiết (episodic: Intent/Run/Decision/ToolReport/DebugSession), ngữ nghĩa (fact/hộ chiếu — trỏ KAD), thủ tục (skill, chuỗi mẫu, prompt), tùy chọn người dùng (preferences); 2. Schema và nơi lưu (store, ledger, index, yaml); 3. Chính sách ghi (khi nào, ai, bằng chứng), đọc (memory.recall/compose), quên (TTL, xóa mềm, không xóa fact), hợp nhất; 4. Bộ nhớ qua phiên: PROGRESS/FEATURES/resume; 5. Học từ vận hành: sổ lỗi → prompt phủ định, decision_log → ngưỡng, preferences → mặc định; 6. Quyền riêng tư và phạm vi (người/dự án/registry); 7. Giao diện memory.* 8 năng lực ở mức 3; 8. Test | E3: KAD-07, APD-08 §6, DPS-09 D8, SDD §3 | F3: Mức 3 | G3: M1 | H3: 2 | I3: 4 | J3: docx | K3: Hoàn thành (05/09/2026, bộ v1.2)
A4: EIDE-CDS-12 | B4: Đặc tả chi tiết năng lực (Capability Detailed Specs) — 6 tập | C4: Với mỗi năng lực trong 228: schema vào/ra JSON, tiền điều kiện/grounding, thuật toán từng bước, phụ thuộc, lỗi và mã lỗi, hoàn tác, ví dụ gọi, TC hợp đồng | D4: Tập 1 Kỹ nghệ (req, arch, diagram, doc, plan — 52); Tập 2 Tri thức (archive, search, extract, passport, kg, board, view — 72); Tập 3 Hiện thực (env, code, project — 32); Tập 4 Xác minh (discover, sim, target, debug, measure, bench — 40); Tập 5 Quản trị (policy, registry, report — 16); Tập 6 Hội thoại & bộ nhớ (chat, memory — 16). Mỗi năng lực 0,5–1 trang theo mẫu cố định; sinh khung từ caps.py, điền nội dung theo tập | E4: Danh mục, SRS §3B, SDD §4 | F4: Mức 3 | G4: M1 (tập 2, 3, 5, 6) · M2 (tập 1, 4) | H4: 5 | I4: 20 | J4: docx + YAML capabilities/*.yaml | K4: Hoàn thành (05/09/2026, bộ v1.2)
A5: EIDE-UXD-13 | B5: Đặc tả UI/UX | C5: Đặc tả giao diện đủ để lập trình plugin GEditor: kho màn hình, điều hướng, thành phần, trạng thái, tương tác, ánh xạ năng lực, token thiết kế | D5: 1. Nguyên tắc UX (chat mặc định, làm rồi báo cáo, mọi nút = năng lực); 2. Kho 22 màn hình (17 cập nhật + 5 mới) với mục tiêu, bố cục, vùng; 3. Sơ đồ điều hướng; 4. Thư viện thành phần (thẻ câu hỏi, thẻ báo cáo, hàng đợi, thanh tự chủ, bảng fact, panel đồ thị, khung lược đồ) và trạng thái (rỗng/chờ/lỗi/hoàn tác); 5. Tương tác từng màn hình (bảng sự kiện → năng lực → phản hồi); 6. Token thiết kế PTIT (màu xác nhận, chữ, khoảng cách); 7. Phím tắt, thông báo, khả năng tiếp cận; 8. Ánh xạ màn hình ↔ năng lực ↔ UC; 9. Mockup v1.1 (canvas) | E5: 17 mockup, Danh mục, DPS-09 §6, APD §8 | F5: Mức 3 | G5: M1 | H5: 3 | I5: 6 | J5: docx + canvas mockup | K5: Hoàn thành (05/09/2026, bộ v1.2)
A6: EIDE-DDD-14 | B6: Từ điển dữ liệu, DDL và di trú | C6: Một nguồn duy nhất cho mọi thực thể: JSON Schema, bảng SQLite (DDL), migration, schema tệp YAML | D6: 1. JSON Schema mọi thực thể (Fact, Source, Passport, Requirement, Module, HwMap, ADR, Diagram, DocArtifact, Discovery, Intent, Run, Decision, CapabilityRun, RagChunk, Preference…); 2. DDL SQLite có chỉ mục; 3. Thứ tự migration từ M0; 4. Schema YAML (autonomy, preferences, models, roles, target, capabilities, ISA); 5. Quy ước IRI/ID; 6. Sinh tự động từ pydantic (script) | E6: SDD §3, SAD §5, mã M0 | F6: Mức 3 | G6: M1 | H6: 4 | I6: 3 | J6: docx + JSON/SQL sinh tự động | K6: Hoàn thành (05/09/2026, bộ v1.2)
A7: EIDE-API-15 | B7: Đặc tả giao diện lập trình (JSON-RPC, MCP, REST, CLI) + mã lỗi + ledger | C7: Đặc tả máy đọc được mọi phương thức, sự kiện và mã lỗi; sinh phần lớn từ Capability Registry | D7: 1. Phiên bản API và handshake; 2. JSON-RPC GEditor ↔ daemon (mọi phương thức + sự kiện push, schema); 3. MCP tools (sinh từ registry, ≤ 20/phiên); 4. REST nội bộ; 5. CLI (lệnh, tham số, mã thoát); 6. Bảng mã lỗi toàn hệ thống; 7. Schema sự kiện ledger; 8. Job bất đồng bộ; 9. Sinh tự động + test hợp đồng | E7: SDD §5, §7, §8; Danh mục | F7: Mức 3 | G7: M1 | H7: 6 | I7: 3 | J7: docx + OpenRPC/JSON | K7: Hoàn thành (05/09/2026, bộ v1.2)
A8: EIDE-PRS-16 | B8: Prompt, vai trò LLM và skill | C8: Nội dung prompt hệ thống, output schema, ví dụ, và định dạng skill cho 9 vai trò | D8: 1. Vai trò và mô hình (intent, librarian, cartographer, planner, coder, reviewer, debugger, architect, writer); 2. Prompt hệ thống từng vai trò (tiếng Việt, ≤ 400 token) + quy tắc trích dẫn; 3. Output schema mẫu số chung từng vai trò; 4. Ví dụ few-shot; 5. Định dạng skill K5 (≤ 600 token) và chuỗi mẫu orchestration K5 thủ tục; 6. Prompt phủ định từ sổ lỗi; 7. Bộ 50 câu lệnh có nhãn cho intent; 8. Quy trình đánh giá/đổi prompt (benchmark) | E8: DPS-09, CXD-10, EAA-U prompts, roles.yaml | F8: Mức 3 | G8: M1 | H8: 7 | I8: 4 | J8: docx + prompts/*.md | K8: Hoàn thành (05/09/2026, bộ v1.2)
A9: EIDE-POL-17 | B9: Đặc tả quy tắc chính sách tự chủ máy đọc được | C9: Chuyển APD-08 §4 thành bảng quy tắc nạp được vào PolicyGate, schema autonomy.yaml, và bộ tình huống test | D9: 1. Mô hình quyết định (đầu vào: cap, risk, gate, ctx features); 2. Bảng quy tắc theo cổng: điều kiện → APPROVE/ASK/REJECT + lý do (ưu tiên, ngưỡng tham số); 3. Danh sách trắng và chữ ký; 4. Schema autonomy.yaml đầy đủ; 5. Undo theo loại; 6. Leo thang/dừng khẩn (máy trạng thái); 7. Học ngưỡng: đặc trưng, thống kê, đề xuất; 8. 40 tình huống test (TC-51) và kịch bản chuẩn đếm gate | E9: APD-08, Danh mục cột R/Mức/Hỏi khi | F9: Mức 3 | G9: M1 | H9: 8 | I9: 3 | J9: docx + rules.yaml + fixtures | K9: Hoàn thành (05/09/2026, bộ v1.2)
A10: EIDE-EXT-18 | B10: Thiết kế extractor (PDF, ảnh/OCR, BOM, netlist, timing, archive) | C10: Thiết kế mức 3 cho đường ống trích xuất phi cấu trúc — có thể là tập 2 của CDS-12 | D10: Mỗi loại: thư viện, bước, prompt + schema bảng, locator, confidence, hợp nhất, lỗi, fixture; sandbox; hiệu năng | E10: SRS FR-ACQ, KAD E2, SDD extractor | F10: Mức 3 | G10: M1 | H10: 5 | I10: 4 | J10: gộp vào CDS-12 tập 2 | K10: Hoàn thành (05/09/2026, bộ v1.2)
A11: EIDE-TGT-19 | B11: ISA profile, toolchain, adapter target và discovery | C11: Đặc tả từng ISA (armv6/7/8-m, avr8, rv32, xtensa, pic) với toolchain, lệnh build/flash/serial/probe/sim, VID/PID, đọc ID, dò tốc độ | D11: 1. Schema ISA profile đầy đủ; 2. Bảng theo ISA: toolchain (kiểm/cài theo OS), flash (lệnh), probe, sim; 3. Bảng probe VID/PID và lệnh đọc ID; 4. Thuật toán link_speed; 5. target.yaml; 6. Test trên Nucleo/Uno/ESP32-C3 | E11: SDD §4.5, §4.8, §6; embedded-debugger-mcp | F11: Mức 3 | G11: M1–M2 | H11: 9 | I11: 3 | J11: docx + isa/*.yaml | K11: Hoàn thành (05/09/2026, bộ v1.2)
A12: EIDE-SIM-20 | B12: Thiết kế mô phỏng (SIL) và mô hình đối tượng | C12: Kiến trúc mô phỏng: Renode/simavr/QEMU và simulator tự dựng; mock ngoại vi; plant robot; kịch bản; so SIL/HIL | D12: 1. Quyết định: khi nào Renode, khi nào tự dựng (theo đề án); 2. Kiến trúc simulator tự dựng (mô hình chip tối thiểu, ngoại vi, thời gian); 3. Mock ngoại vi từ hộ chiếu; 4. Plant robot cân bằng + cảm sensor (tham số có nguồn); 5. Định dạng kịch bản và kỳ vọng; 6. So sánh SIL/HIL; 7. SimView; 8. Test | E12: UC-E, SRS FR-VER-04, đề án | F12: Mức 3 | G12: M2 | H12: 10 | I12: 4 | J12: docx | K12: Hoàn thành (05/09/2026, bộ v1.2)
A13: EIDE-BEN-21 | B13: Bộ benchmark và kiểm định hộ chiếu | C13: Định nghĩa 20 tác vụ CF/BF/BC, firmware kiểm định, huy hiệu, báo cáo | D13: Mỗi tác vụ: mô tả, board, kỳ vọng máy quan sát, mức; firmware ID/GPIO/UART; định dạng kết quả; quy trình chạy lại | E13: STP §4 | F13: Mức 3 | G13: M2 | H13: 12 | I13: 2 | J13: phụ lục STP hoặc docx ngắn | K13: Hoàn thành (05/09/2026, bộ v1.2)
... A20: EIDE-CON-28 | B20: Quy ước mã, kho và thuật ngữ | C20: Convention Python/Swift, đặt tên năng lực, commit truy vết, glossary Việt–Anh hợp nhất | D20: Glossary; convention; cấu trúc kho; quy trình PR | E20: SDD §2, URD thuật ngữ | F20: Mức 3 | G20: M1 | H20: 17 | I20: 1 | J20: docx ngắn / md trong repo | K20: Hoàn thành (05/09/2026, bộ v1.2)
A22: Tổng ngày ước lượng | B22: =SUM(I2:I20) -> 77 | K22: Hoàn thành (05/09/2026, bộ v1.2)
A23: Có AI hỗ trợ (×0,4) | B23: =ROUND(B22*0.4,0) -> 31 | K23: Hoàn thành (05/09/2026, bộ v1.2)
A24: Đã hoàn thành | B24: =COUNTIF(K2:K20,"Hoàn thành") -> 0 | K24: Hoàn thành (05/09/2026, bộ v1.2)

Sheet 7. Thống kê
A1: THỐNG KÊ RÀ SOÁT (công thức)
A3: Lĩnh vực theo kết luận | B3: Số | C3: Tỷ lệ
A4: Đủ | B4: =COUNTIF('1. Lĩnh vực'!F2:F41,"Đủ") -> 40 | C4: =B4/COUNTA('1. Lĩnh vực'!A2:A41) -> 1
A5: Một phần | B5: =COUNTIF('1. Lĩnh vực'!F2:F41,"Một phần") -> 0 | C5: =B5/COUNTA('1. Lĩnh vực'!A2:A41) -> 0
A6: Thiếu | B6: =COUNTIF('1. Lĩnh vực'!F2:F41,"Thiếu") -> 0 | C6: =B6/COUNTA('1. Lĩnh vực'!A2:A41) -> 0
A7: Tổng lĩnh vực | B7: =COUNTA('1. Lĩnh vực'!A2:A41) -> 40
A9: Lĩnh vực theo mức hiện tại | B9: Số
A10: Mức 1 | B10: =COUNTIF('1. Lĩnh vực'!E2:E41,1) -> 0
A11: Mức 2 | B11: =COUNTIF('1. Lĩnh vực'!E2:E41,2) -> 0
A12: Mức 3 | B12: =COUNTIF('1. Lĩnh vực'!E2:E41,3) -> 40
A14: Ngày ước lượng theo mốc cần trước (lĩnh vực) | B14: Ngày
A15: M0 | B15: =SUMIF('1. Lĩnh vực'!J2:J41,"M0",'1. Lĩnh vực'!K2:K41) -> 0
A16: M1 | B16: =SUMIF('1. Lĩnh vực'!J2:J41,"M1",'1. Lĩnh vực'!K2:K41) -> 74
A17: M1–M2 | B17: =SUMIF('1. Lĩnh vực'!J2:J41,"M1–M2",'1. Lĩnh vực'!K2:K41) -> 20
A18: M2 | B18: =SUMIF('1. Lĩnh vực'!J2:J41,"M2",'1. Lĩnh vực'!K2:K41) -> 30
A19: M3 | B19: =SUMIF('1. Lĩnh vực'!J2:J41,"M3",'1. Lĩnh vực'!K2:K41) -> 3
A20: M4 | B20: =SUMIF('1. Lĩnh vực'!J2:J41,"M4",'1. Lĩnh vực'!K2:K41) -> 2
A21: Tổng ngày (lĩnh vực) | B21: =SUM('1. Lĩnh vực'!K2:K41) -> 129
A23: Tài liệu bổ sung theo ưu tiên M/S/C (lĩnh vực) | B23: Số
A24: M | B24: =COUNTIF('1. Lĩnh vực'!I2:I41,"M") -> 25
A25: S | B25: =COUNTIF('1. Lĩnh vực'!I2:I41,"S") -> 9
A26: C | B26: =COUNTIF('1. Lĩnh vực'!I2:I41,"C") -> 4
A28: Tài liệu bổ sung (sheet 6) | B28: Giá trị
A29: Số tài liệu | B29: =COUNTA('6. Tài liệu bổ sung'!A2:A20) -> 19
A30: Tổng ngày ước lượng | B30: =SUM('6. Tài liệu bổ sung'!I2:I20) -> 77
A31: Cần xong trước M1 | B31: =COUNTIF('6. Tài liệu bổ sung'!G2:G20,"M1*") -> 14
A32: Đã hoàn thành | B32: =COUNTIF('6. Tài liệu bổ sung'!K2:K20,"Hoàn thành*") -> 19
A33: Tiến độ | B33: =B32/B29 -> 1
